<?xml version="1.0" encoding="UTF-8"?>
<project-private xmlns="http://www.netbeans.org/ns/project-private/1">
    <editor-bookmarks xmlns="http://www.netbeans.org/ns/editor-bookmarks/2" lastBookmarkId="0"/>
    <open-files xmlns="http://www.netbeans.org/ns/projectui-open-files/2">
        <group>
            <file>file:/C:/Users/User/Desktop/OOPT/Assignment/Yuutube/src/yuutube/uploadDatabase.java</file>
            <file>file:/C:/Users/User/Desktop/OOPT/Assignment/Yuutube/src/yuutube/LoggedIn.java</file>
            <file>file:/C:/Users/User/Desktop/OOPT/Assignment/Yuutube/src/alifPart/LikeDislike.java</file>
            <file>file:/C:/Users/User/Desktop/OOPT/Assignment/Yuutube/src/yuutube/deleteVideo.java</file>
            <file>file:/C:/Users/User/Desktop/OOPT/Assignment/Yuutube/src/yuutube/videoMenu.java</file>
            <file>file:/C:/Users/User/Desktop/OOPT/Assignment/Yuutube/src/yuutube/channelUser.java</file>
            <file>file:/C:/Users/User/Desktop/OOPT/Assignment/Yuutube/src/yuutube/openVideo.java</file>
            <file>file:/C:/Users/User/Desktop/OOPT/Assignment/Yuutube/src/yuutube/displayVideoBaseUser.java</file>
            <file>file:/C:/Users/User/Desktop/OOPT/Assignment/Yuutube/src/yuutube/viewCountAddDatabase.java</file>
            <file>file:/C:/Users/User/Desktop/OOPT/Assignment/Yuutube/src/yuutube/displayVideoBaseChannel.java</file>
            <file>file:/C:/Users/User/Desktop/OOPT/Assignment/Yuutube/src/yuutube/editVideo.java</file>
            <file>file:/C:/Users/User/Desktop/OOPT/Assignment/Yuutube/src/eeWernPart/Search.java</file>
            <file>file:/C:/Users/User/Desktop/OOPT/Assignment/Yuutube/src/alifPart/UserOperation.java</file>
            <file>file:/C:/Users/User/Desktop/OOPT/Assignment/Yuutube/src/yuutube/channelSubscriber.java</file>
            <file>file:/C:/Users/User/Desktop/OOPT/Assignment/Yuutube/src/yuutube/channelName.java</file>
            <file>file:/C:/Users/User/Desktop/OOPT/Assignment/Yuutube/src/yuutube/retrieveDatabase.java</file>
            <file>file:/C:/Users/User/Desktop/OOPT/Assignment/Yuutube/src/yuutube/channelYuutuber.java</file>
            <file>file:/C:/Users/User/Desktop/OOPT/Assignment/Yuutube/src/alifPart/Comment.java</file>
            <file>file:/C:/Users/User/Desktop/OOPT/Assignment/Yuutube/src/yuutube/retrievePathDatabase.java</file>
        </group>
    </open-files>
</project-private>
